日期,推广计划名称,宝贝名称,关键词,流量来源,搜索类型,展现量,点击量,花费(分),点击率,平均展现排名,平均点击花费(分),千次展现花费(分),点击转化率,直接成交金额(分),直接成交笔数,间接成交金额(分),间接成交笔数,总成交金额(分),总成交笔数,宝贝收藏数,店铺收藏数,总收藏数,投入产出比,直接购物车数,间接购物车数,总购物车数
2017-03-05,喜宝EC品类计划,Dyson戴森HP01取暖器 净化、取暖、凉风三合一,取暖器,计算机站内,搜索,39,0,0,0.00,55,,0.00,,,,,,,,,,,,,,
2017-03-05,喜宝EC品类计划,Dyson戴森HP01取暖器 净化、取暖、凉风三合一,取暖器,移动站内,搜索,56,0,0,0.00,29,,0.00,,,,,,,,,,,,,,
2017-03-05,喜宝EC品类计划,Dyson戴森HP01取暖器 净化、取暖、凉风三合一,暖风机,计算机站内,搜索,470,1,109,0.21,12,109.00,231.91,,,,,,,,,,,,,,
2017-03-05,喜宝EC品类计划,Dyson戴森HP01取暖器 净化、取暖、凉风三合一,暖风机,移动站内,搜索,61,1,67,1.64,22,67.00,1098.36,,,,,,,,,,,,,,
2017-03-05,喜宝EC品类计划,Dyson戴森HP01取暖器 净化、取暖、凉风三合一,家用取暖器,计算机站内,搜索,25,0,0,0.00,44,,0.00,,,,,,,,,,,,,,
2017-03-05,喜宝EC品类计划,Dyson戴森HP01取暖器 净化、取暖、凉风三合一,家用取暖器,移动站内,搜索,48,1,181,2.08,6,181.00,3770.83,,,,,,,,,,,,,,
2017-03-05,喜宝EC品类计划,Dyson戴森HP01取暖器 净化、取暖、凉风三合一,家用暖风机,计算机站内,搜索,1,0,0,0.00,61,,0.00,,,,,,,,,,,,,,
2017-03-05,喜宝EC品类计划,Dyson戴森HP01取暖器 净化、取暖、凉风三合一,家用暖风机,移动站内,搜索,73,0,0,0.00,5,,0.00,,,,,,,,,,,,,,
2017-03-05,喜宝EC品类计划,Dyson戴森HP01取暖器 净化、取暖、凉风三合一,家用取暖器 暖风机,计算机站内,搜索,8,0,0,0.00,37,,0.00,,,,,,,,,,,,,,
2017-03-05,喜宝EC品类计划,Dyson戴森HP01取暖器 净化、取暖、凉风三合一,家用取暖器 暖风机,移动站内,搜索,4,1,144,25.00,8,144.00,36000.00,,,,,,,,,,,,,,
2017-03-05,喜宝EC品类计划,Dyson戴森HP01取暖器 净化、取暖、凉风三合一,进口取暖器,计算机站内,搜索,142,0,0,0.00,33,,0.00,,,,,,,,,,,,,,
2017-03-05,喜宝EC品类计划,Dyson戴森HP01取暖器 净化、取暖、凉风三合一,进口取暖器,移动站内,搜索,299,0,0,0.00,15,,0.00,,,,,,,,,,,,,,
2017-03-05,喜宝EC品类计划,Dyson戴森HP01取暖器 净化、取暖、凉风三合一,暖风取暖器,计算机站内,搜索,4,0,0,0.00,38,,0.00,,,,,,,,,,,,,,
2017-03-05,喜宝EC品类计划,Dyson戴森HP01取暖器 净化、取暖、凉风三合一,取暖电器,计算机站内,搜索,5,0,0,0.00,29,,0.00,,,,,,,,,,,,,,
2017-03-05,喜宝EC品类计划,Dyson戴森HP01取暖器 净化、取暖、凉风三合一,取暖电器,移动站内,搜索,6,0,0,0.00,28,,0.00,,,,,,,,,,,,,,
2017-03-05,喜宝EC品类计划,Dyson戴森HP01取暖器 净化、取暖、凉风三合一,取暖机,移动站内,搜索,2,0,0,0.00,14,,0.00,,,,,,,,,,,,,,
2017-03-05,喜宝EC品类计划,Dyson戴森HP01取暖器 净化、取暖、凉风三合一,无叶风扇 冷暖,计算机站内,搜索,26,0,0,0.00,24,,0.00,,,,,,,,,,,,,,
2017-03-05,喜宝EC品类计划,Dyson戴森HP01取暖器 净化、取暖、凉风三合一,无叶风扇 冷暖,移动站内,搜索,36,0,0,0.00,12,,0.00,,,,,,,,,,,,,,
2017-03-05,喜宝EC品类计划,Dyson戴森 AM09 暖风机 无扇叶 冷暖两用 安静,无叶风扇 静音 遥控,移动站内,搜索,1,0,0,0.00,1,,0.00,,,,,,,,,,,,,,
2017-03-05,喜宝EC品类计划,Dyson戴森 AM09 暖风机 无扇叶 冷暖两用 安静,无叶风扇 超静音,计算机站内,搜索,63,0,0,0.00,11,,0.00,,,,,,,,,,,,,,
2017-03-05,喜宝EC品类计划,Dyson戴森 AM09 暖风机 无扇叶 冷暖两用 安静,无叶风扇 超静音,移动站内,搜索,152,5,1188,3.29,3,237.60,7815.79,,,,,,,,,,,,,,
2017-03-05,喜宝EC品类计划,Dyson戴森 AM09 暖风机 无扇叶 冷暖两用 安静,无叶风扇 冷暖,计算机站内,搜索,14,0,0,0.00,31,,0.00,,,,,,,,,,,,,,
2017-03-05,喜宝EC品类计划,Dyson戴森 AM09 暖风机 无扇叶 冷暖两用 安静,无叶风扇 冷暖,移动站内,搜索,32,0,0,0.00,13,,0.00,,,,,,,,,,,,,,
2017-03-05,喜宝EC品类计划,Dyson戴森 AM09 暖风机 无扇叶 冷暖两用 安静,冷暖风扇,计算机站内,搜索,13,0,0,0.00,7,,0.00,,,,,,,,,,,,,,
2017-03-05,喜宝EC品类计划,Dyson戴森 AM09 暖风机 无扇叶 冷暖两用 安静,冷暖风扇,移动站内,搜索,29,1,86,3.45,3,86.00,2965.52,,,,,,,,,,,,,,
2017-03-05,喜宝EC品类计划,Dyson戴森 AM09 暖风机 无扇叶 冷暖两用 安静,无扇叶风扇,计算机站内,搜索,44,0,0,0.00,16,,0.00,,,,,,,,,,,,,,
2017-03-05,喜宝EC品类计划,Dyson戴森 AM09 暖风机 无扇叶 冷暖两用 安静,无扇叶风扇,移动站内,搜索,78,4,840,5.13,2,210.00,10769.23,,,,,,,,,,,,,,
2017-03-05,喜宝EC品类计划,Dyson戴森 AM09 暖风机 无扇叶 冷暖两用 安静,无叶风扇 静音,计算机站内,搜索,46,0,0,0.00,36,,0.00,,,,,,,,,,,,,,
2017-03-05,喜宝EC品类计划,Dyson戴森 AM09 暖风机 无扇叶 冷暖两用 安静,无叶风扇 静音,移动站内,搜索,154,4,1007,2.60,5,251.75,6538.96,0.00,0,0,0,0,0,0,0,0,0,0.00,0,2,2
2017-03-05,喜宝EC品类计划,Dyson戴森 AM09 暖风机 无扇叶 冷暖两用 安静,无叶风扇遥控,计算机站内,搜索,1,0,0,0.00,3,,0.00,,,,,,,,,,,,,,
2017-03-05,喜宝EC品类计划,Dyson戴森 AM09 暖风机 无扇叶 冷暖两用 安静,无叶风扇 落地,计算机站内,搜索,3,0,0,0.00,3,,0.00,,,,,,,,,,,,,,
2017-03-05,喜宝EC品类计划,Dyson戴森 AM09 暖风机 无扇叶 冷暖两用 安静,无叶风扇 落地,移动站内,搜索,10,0,0,0.00,2,,0.00,,,,,,,,,,,,,,
2017-03-05,喜宝EC品类计划,Dyson戴森 AM09 暖风机 无扇叶 冷暖两用 安静,无叶扇风扇,计算机站内,搜索,206,0,0,0.00,8,,0.00,,,,,,,,,,,,,,
2017-03-05,喜宝EC品类计划,Dyson戴森 AM09 暖风机 无扇叶 冷暖两用 安静,无叶扇风扇,移动站内,搜索,1330,44,13145,3.31,2,298.75,9883.46,0.00,0,0,0,0,0,0,1,0,1,0.00,0,0,0
2017-03-05,喜宝EC品类计划,Dyson戴森 AM09 暖风机 无扇叶 冷暖两用 安静,无叶风扇家用,计算机站内,搜索,12,0,0,0.00,7,,0.00,,,,,,,,,,,,,,
2017-03-05,喜宝EC品类计划,Dyson戴森 AM09 暖风机 无扇叶 冷暖两用 安静,无叶风扇家用,移动站内,搜索,16,2,635,12.50,4,317.50,39687.50,,,,,,,,,,,,,,
2017-03-05,喜宝EC品类计划,Dyson戴森 AM09 暖风机 无扇叶 冷暖两用 安静,风扇无叶风扇,计算机站内,搜索,9,0,0,0.00,56,,0.00,,,,,,,,,,,,,,
2017-03-05,喜宝EC品类计划,Dyson戴森 AM09 暖风机 无扇叶 冷暖两用 安静,风扇无叶风扇,移动站内,搜索,7,0,0,0.00,90,,0.00,,,,,,,,,,,,,,
2017-03-05,喜宝EC品类计划,Dyson戴森HP01取暖器 净化、取暖、凉风三合一,冷暖风扇,移动站内,搜索,1,0,0,0.00,33,,0.00,,,,,,,,,,,,,,
2017-03-05,喜宝EC品类计划,Dyson戴森HP01取暖器 净化、取暖、凉风三合一,风扇,计算机站内,搜索,128,0,0,0.00,38,,0.00,,,,,,,,,,,,,,
2017-03-05,喜宝EC品类计划,Dyson戴森HP01取暖器 净化、取暖、凉风三合一,风扇,移动站内,搜索,131,2,527,1.53,26,263.50,4022.90,0.00,0,0,0,0,0,0,1,0,1,0.00,0,0,0
2017-03-05,喜宝EC品类计划,Dyson戴森HP01取暖器 净化、取暖、凉风三合一,生活电器 风扇,计算机站内,搜索,2,0,0,0.00,10,,0.00,,,,,,,,,,,,,,
2017-03-05,喜宝EC品类计划,Dyson戴森HP01取暖器 净化、取暖、凉风三合一,高端取暖器,移动站内,搜索,276,8,2611,2.90,4,326.38,9460.14,,,,,,,,,,,,,,
2017-03-05,喜宝EC品类计划,Dyson戴森HP01取暖器 净化、取暖、凉风三合一,暖风,计算机站内,搜索,51,0,0,0.00,27,,0.00,,,,,,,,,,,,,,
2017-03-05,喜宝EC品类计划,Dyson戴森HP01取暖器 净化、取暖、凉风三合一,暖风,移动站内,搜索,65,0,0,0.00,12,,0.00,,,,,,,,,,,,,,
2017-03-05,喜宝EC品类计划,Dyson戴森HP01取暖器 净化、取暖、凉风三合一,取暖 暖风机,计算机站内,搜索,11,0,0,0.00,36,,0.00,,,,,,,,,,,,,,
2017-03-05,喜宝EC品类计划,Dyson戴森HP01取暖器 净化、取暖、凉风三合一,取暖 暖风机,移动站内,搜索,23,0,0,0.00,46,,0.00,,,,,,,,,,,,,,
2017-03-05,喜宝FC品类计划,Dyson戴森V6 Origin 无绳吸尘器 除尘防过敏,吸尘器 德国,计算机站内,搜索,12,0,0,0.00,1,,0.00,,,,,,,,,,,,,,
2017-03-05,喜宝FC品类计划,Dyson戴森V6 Origin 无绳吸尘器 除尘防过敏,吸尘器 德国,移动站内,搜索,39,1,402,2.56,5,402.00,10307.69,,,,,,,,,,,,,,
2017-03-05,喜宝FC品类计划,Dyson戴森V6 Origin 无绳吸尘器 除尘防过敏,无绳吸尘器,计算机站内,搜索,1,0,0,0.00,17,,0.00,,,,,,,,,,,,,,
2017-03-05,喜宝FC品类计划,Dyson戴森V6 Origin 无绳吸尘器 除尘防过敏,无绳吸尘器,移动站内,搜索,3,0,0,0.00,12,,0.00,,,,,,,,,,,,,,
2017-03-05,喜宝FC品类计划,Dyson戴森V6 Origin 无绳吸尘器 除尘防过敏,手持吸尘器 无线,计算机站内,搜索,3,0,0,0.00,12,,0.00,,,,,,,,,,,,,,
2017-03-05,喜宝FC品类计划,Dyson戴森V6 Origin 无绳吸尘器 除尘防过敏,吸尘器 家用,计算机站内,搜索,148,0,0,0.00,28,,0.00,,,,,,,,,,,,,,
2017-03-05,喜宝FC品类计划,Dyson戴森V6 Origin 无绳吸尘器 除尘防过敏,吸尘器 家用,移动站内,搜索,62,1,509,1.61,36,509.00,8209.68,,,,,,,,,,,,,,
2017-03-05,喜宝FC品类计划,Dyson戴森V6 Origin 无绳吸尘器 除尘防过敏,手持式吸尘器 家用,计算机站内,搜索,120,3,1155,2.50,13,385.00,9625.00,,,,,,,,,,,,,,
2017-03-05,喜宝FC品类计划,Dyson戴森V6 Origin 无绳吸尘器 除尘防过敏,手持式吸尘器 家用,移动站内,搜索,15,0,0,0.00,32,,0.00,,,,,,,,,,,,,,
2017-03-05,喜宝FC品类计划,Dyson戴森V6 Origin 无绳吸尘器 除尘防过敏,强力吸尘器 家用,计算机站内,搜索,50,0,0,0.00,29,,0.00,,,,,,,,,,,,,,
2017-03-05,喜宝FC品类计划,Dyson戴森V6 Origin 无绳吸尘器 除尘防过敏,强力吸尘器 家用,移动站内,搜索,2,0,0,0.00,76,,0.00,,,,,,,,,,,,,,
2017-03-05,喜宝FC品类计划,Dyson戴森V6 Origin 无绳吸尘器 除尘防过敏,吸尘器家用强力 大功率,移动站内,搜索,3,0,0,0.00,32,,0.00,,,,,,,,,,,,,,
2017-03-05,喜宝FC品类计划,Dyson戴森V6 Origin 无绳吸尘器 除尘防过敏,吸尘器家用强力 德国,计算机站内,搜索,8,0,0,0.00,3,,0.00,,,,,,,,,,,,,,
2017-03-05,喜宝FC品类计划,Dyson戴森V6 Origin 无绳吸尘器 除尘防过敏,吸尘器家用强力 德国,移动站内,搜索,3,0,0,0.00,34,,0.00,,,,,,,,,,,,,,
2017-03-05,喜宝FC品类计划,Dyson戴森V6 Origin 无绳吸尘器 除尘防过敏,进口吸尘器,计算机站内,搜索,4,0,0,0.00,1,,0.00,,,,,,,,,,,,,,
2017-03-05,喜宝FC品类计划,Dyson戴森V6 Origin 无绳吸尘器 除尘防过敏,进口吸尘器,移动站内,搜索,27,3,1490,11.11,2,496.67,55185.19,0.00,0,0,0,0,0,0,0,0,0,0.00,1,0,1
2017-03-05,喜宝FC品类计划,Dyson戴森V6 Origin 无绳吸尘器 除尘防过敏,手提吸尘器,计算机站内,搜索,2,0,0,0.00,9,,0.00,,,,,,,,,,,,,,
2017-03-05,喜宝FC品类计划,Dyson戴森V6 Origin 无绳吸尘器 除尘防过敏,手持式吸尘器,计算机站内,搜索,119,0,0,0.00,7,,0.00,,,,,,,,,,,,,,
2017-03-05,喜宝FC品类计划,Dyson戴森V6 Origin 无绳吸尘器 除尘防过敏,手持式吸尘器,移动站内,搜索,29,2,1287,6.90,3,643.50,44379.31,,,,,,,,,,,,,,
2017-03-05,喜宝FC品类计划,Dyson戴森V6 Origin 无绳吸尘器 除尘防过敏,手持吸尘器,计算机站内,搜索,1,0,0,0.00,28,,0.00,,,,,,,,,,,,,,
2017-03-05,喜宝FC转化计划,Dyson戴森V6 Origin 无绳吸尘器 除尘防过敏,dyson吸尘器家用,计算机站内,搜索,5,1,631,20.00,1,631.00,126200.00,,,,,,,,,,,,,,
2017-03-05,喜宝FC转化计划,Dyson戴森V6 Origin 无绳吸尘器 除尘防过敏,dyson吸尘器家用,移动站内,搜索,43,10,7587,23.26,2,758.70,176441.86,0.00,0,0,0,0,0,0,3,0,3,0.00,1,0,1
2017-03-05,喜宝FC转化计划,Dyson戴森V6 Origin 无绳吸尘器 除尘防过敏,dyson v6,计算机站内,搜索,28,0,0,0.00,2,,0.00,,,,,,,,,,,,,,
2017-03-05,喜宝FC转化计划,Dyson戴森V6 Origin 无绳吸尘器 除尘防过敏,dyson v6,移动站内,搜索,102,2,1153,1.96,2,576.50,11303.92,0.00,0,0,0,0,0,0,0,0,0,0.00,1,0,1
2017-03-05,喜宝FC转化计划,Dyson戴森V6 Origin 无绳吸尘器 除尘防过敏,dyson 代购,计算机站内,搜索,1,0,0,0.00,1,,0.00,,,,,,,,,,,,,,
2017-03-05,喜宝FC转化计划,Dyson戴森V6 Origin 无绳吸尘器 除尘防过敏,dyson 代购,移动站内,搜索,10,1,899,10.00,2,899.00,89900.00,,,,,,,,,,,,,,
2017-03-05,喜宝FC转化计划,Dyson戴森V6 Origin 无绳吸尘器 除尘防过敏,dyson无线吸尘器,计算机站内,搜索,6,0,0,0.00,2,,0.00,,,,,,,,,,,,,,
2017-03-05,喜宝FC转化计划,Dyson戴森V6 Origin 无绳吸尘器 除尘防过敏,dyson无线吸尘器,移动站内,搜索,16,2,1098,12.50,1,549.00,68625.00,0.00,0,0,0,0,0,0,0,0,0,0.00,1,0,1
2017-03-05,喜宝FC转化计划,Dyson戴森V6 Origin 无绳吸尘器 除尘防过敏,dyson 吸尘器,计算机站内,搜索,150,5,1410,3.33,1,282.00,9400.00,,,,,,,,,,,,,,
2017-03-05,喜宝FC转化计划,Dyson戴森V6 Origin 无绳吸尘器 除尘防过敏,dyson 吸尘器,移动站内,搜索,115,2,568,1.74,2,284.00,4939.13,,,,,,,,,,,,,,
2017-03-05,喜宝FC转化计划,Dyson戴森V6 Origin 无绳吸尘器 除尘防过敏,dyson手持吸尘器,计算机站内,搜索,5,0,0,0.00,2,,0.00,,,,,,,,,,,,,,
2017-03-05,喜宝FC转化计划,Dyson戴森V6 Origin 无绳吸尘器 除尘防过敏,dyson手持吸尘器,移动站内,搜索,11,0,0,0.00,2,,0.00,,,,,,,,,,,,,,
2017-03-05,喜宝FC转化计划,Dyson戴森V6 Origin 无绳吸尘器 除尘防过敏,dyson 英国代购,移动站内,搜索,1,0,0,0.00,1,,0.00,,,,,,,,,,,,,,
2017-03-05,喜宝FC转化计划,Dyson戴森V6 Origin 无绳吸尘器 除尘防过敏,戴森吸尘器 德国,移动站内,搜索,16,2,587,12.50,2,293.50,36687.50,,,,,,,,,,,,,,
2017-03-05,喜宝FC转化计划,Dyson戴森V6 Origin 无绳吸尘器 除尘防过敏,戴森 美国代购,计算机站内,搜索,1,0,0,0.00,2,,0.00,,,,,,,,,,,,,,
2017-03-05,喜宝FC转化计划,Dyson戴森V6 Origin 无绳吸尘器 除尘防过敏,戴森无绳吸尘器,计算机站内,搜索,2,0,0,0.00,3,,0.00,,,,,,,,,,,,,,
2017-03-05,喜宝FC转化计划,Dyson戴森V6 Origin 无绳吸尘器 除尘防过敏,戴森无绳吸尘器,移动站内,搜索,2,0,0,0.00,2,,0.00,,,,,,,,,,,,,,
2017-03-05,喜宝FC转化计划,Dyson戴森V6 Origin 无绳吸尘器 除尘防过敏,戴森dyson v6,计算机站内,搜索,2,1,743,50.00,1,743.00,371500.00,,,,,,,,,,,,,,
2017-03-05,喜宝FC转化计划,Dyson戴森V6 Origin 无绳吸尘器 除尘防过敏,戴森dyson v6,移动站内,搜索,1,0,0,0.00,3,,0.00,,,,,,,,,,,,,,
2017-03-05,喜宝FC品类计划,Dyson戴森V6 Origin 无绳吸尘器 除尘防过敏,无线吸尘器家用 手持式,计算机站内,搜索,25,0,0,0.00,12,,0.00,,,,,,,,,,,,,,
2017-03-05,喜宝FC品类计划,Dyson戴森V6 Mattress手持式吸尘器 除螨仪 家用,除螨吸尘器家用,计算机站内,搜索,3,0,0,0.00,8,,0.00,,,,,,,,,,,,,,
2017-03-05,喜宝FC品类计划,Dyson戴森V6 Mattress手持式吸尘器 除螨仪 家用,除螨吸尘器家用,移动站内,搜索,1,0,0,0.00,31,,0.00,,,,,,,,,,,,,,
2017-03-05,喜宝FC品类计划,Dyson戴森V6 Mattress手持式吸尘器 除螨仪 家用,除螨吸尘器,计算机站内,搜索,90,2,1114,2.22,1,557.00,12377.78,,,,,,,,,,,,,,
2017-03-05,喜宝FC品类计划,Dyson戴森V6 Mattress手持式吸尘器 除螨仪 家用,除螨吸尘器,移动站内,搜索,17,0,0,0.00,6,,0.00,,,,,,,,,,,,,,
2017-03-05,喜宝FC品类计划,Dyson戴森V6 Mattress手持式吸尘器 除螨仪 家用,尘螨吸尘器,计算机站内,搜索,3,0,0,0.00,3,,0.00,,,,,,,,,,,,,,
2017-03-05,喜宝FC品类计划,Dyson戴森V6 Mattress手持式吸尘器 除螨仪 家用,尘螨吸尘器,移动站内,搜索,7,0,0,0.00,4,,0.00,,,,,,,,,,,,,,
2017-03-05,喜宝FC品类计划,Dyson戴森V6 Mattress手持式吸尘器 除螨仪 家用,吸尘器家用 手持式 床上,计算机站内,搜索,1,0,0,0.00,2,,0.00,,,,,,,,,,,,,,
2017-03-05,喜宝FC品类计划,Dyson戴森V6 Mattress手持式吸尘器 除螨仪 家用,螨虫吸尘器,计算机站内,搜索,14,0,0,0.00,4,,0.00,,,,,,,,,,,,,,
2017-03-05,喜宝FC品类计划,Dyson戴森V6 Mattress手持式吸尘器 除螨仪 家用,螨虫吸尘器,移动站内,搜索,151,4,1826,2.65,3,456.50,12092.72,,,,,,,,,,,,,,
2017-03-05,喜宝FC品类计划,Dyson戴森V6 Mattress手持式吸尘器 除螨仪 家用,床上吸尘器,计算机站内,搜索,9,0,0,0.00,5,,0.00,,,,,,,,,,,,,,
2017-03-05,喜宝FC品类计划,Dyson戴森V6 Mattress手持式吸尘器 除螨仪 家用,床上吸尘器,移动站内,搜索,38,0,0,0.00,4,,0.00,,,,,,,,,,,,,,
2017-03-05,喜宝FC品类计划,Dyson戴森V6 Mattress手持式吸尘器 除螨仪 家用,床上除螨仪,计算机站内,搜索,5,0,0,0.00,6,,0.00,,,,,,,,,,,,,,
2017-03-05,喜宝FC品类计划,Dyson戴森V6 Mattress手持式吸尘器 除螨仪 家用,床上除螨仪,移动站内,搜索,5,0,0,0.00,6,,0.00,,,,,,,,,,,,,,
